country,region,industry,industry_weight,exports_vol,imports_vol,trade_value,trade_pct_gdp,actual_vs_expected,risk_index,latitude,longitude,year
China,APAC,Electronics,0.19639878836228103,3766.77,2732.17,6498.94,0.01132,65.602,85.614,35.86,104.19,2025
China,APAC,Automotive,0.08119890406724053,1121.58,1565.33,2686.91,0.00468,136.618,85.614,35.86,104.19,2025
China,APAC,Chemicals,0.17022300234864177,3449.63,2183.14,5632.77,0.00981,52.058,85.614,35.86,104.19,2025
China,APAC,Agriculture,0.2439819704323989,5245.61,2827.88,8073.49,0.01407,71.234,85.614,35.86,104.19,2025
China,APAC,Energy,0.08636499344142012,1300.39,1557.47,2857.86,0.00498,80.424,85.614,35.86,104.19,2025
China,APAC,Machinery,0.15495128632644756,2715.4,2412.02,5127.42,0.00893,79.123,85.614,35.86,104.19,2025
China,APAC,Pharmaceuticals,0.17237057894447588,2520.23,3183.6,5703.83,0.00994,79.214,85.614,35.86,104.19,2025
China,APAC,Financial Services,0.12327236865873835,2189.77,1889.37,4079.15,0.00711,128.518,85.614,35.86,104.19,2025
United States of America,NA,Electronics,0.16848291377240848,1393.11,1972.42,3365.54,0.00586,110.754,46.767,37.09,-95.71,2025
United States of America,NA,Automotive,0.08410482473745831,704.8,975.24,1680.04,0.00293,144.889,46.767,37.09,-95.71,2025
United States of America,NA,Chemicals,0.24312640661491186,3120.45,1736.13,4856.58,0.00846,80.461,46.767,37.09,-95.71,2025
United States of America,NA,Agriculture,0.06953442280127678,840.71,548.28,1388.99,0.00242,94.015,46.767,37.09,-95.71,2025
United States of America,NA,Energy,0.07440764696895577,815.33,671.0,1486.33,0.00259,53.439,46.767,37.09,-95.71,2025
United States of America,NA,Machinery,0.2318640804157564,2212.21,2419.39,4631.61,0.00807,116.252,46.767,37.09,-95.71,2025
United States of America,NA,Pharmaceuticals,0.1123422152178822,1247.76,996.33,2244.1,0.00391,104.671,46.767,37.09,-95.71,2025
United States of America,NA,Financial Services,0.08697089110510542,1200.25,537.04,1737.29,0.00303,127.513,46.767,37.09,-95.71,2025
Malaysia,APAC,Electronics,0.16957999576221705,8657.91,4139.01,12796.92,0.02229,58.849,80.64,4.21,101.97,2025
Malaysia,APAC,Automotive,0.08919657248382905,2783.72,3947.27,6730.99,0.01173,82.533,80.64,4.21,101.97,2025
Malaysia,APAC,Chemicals,0.12773545793789642,4640.37,4998.86,9639.23,0.01679,132.874,80.64,4.21,101.97,2025
Malaysia,APAC,Agriculture,0.12135066533871786,4434.76,4722.66,9157.41,0.01595,104.27,80.64,4.21,101.97,2025
Malaysia,APAC,Energy,0.07818484499495254,3779.9,2120.12,5900.02,0.01028,57.455,80.64,4.21,101.97,2025
Malaysia,APAC,Machinery,0.24737738732010345,11791.89,6875.81,18667.7,0.03252,69.872,80.64,4.21,101.97,2025
Malaysia,APAC,Pharmaceuticals,0.051104423424720484,2486.02,1370.44,3856.46,0.00672,120.686,80.64,4.21,101.97,2025
Malaysia,APAC,Financial Services,0.19580143360819746,9329.07,5446.58,14775.65,0.02574,57.404,80.64,4.21,101.97,2025
Indonesia,APAC,Electronics,0.22262068517511874,4166.59,2931.65,7098.24,0.01237,83.09,11.312,-0.79,113.92,2025
Indonesia,APAC,Automotive,0.06271167005720474,986.37,1013.19,1999.56,0.00348,82.518,11.312,-0.79,113.92,2025
Indonesia,APAC,Chemicals,0.19592123566761283,3693.61,2553.33,6246.93,0.01088,138.721,11.312,-0.79,113.92,2025
Indonesia,APAC,Agriculture,0.14444298503238986,2007.46,2598.09,4605.55,0.00802,121.324,11.312,-0.79,113.92,2025
Indonesia,APAC,Energy,0.20215700972337952,3663.66,2782.1,6445.76,0.01123,127.097,11.312,-0.79,113.92,2025
Indonesia,APAC,Machinery,0.14875911927287816,2641.09,2102.08,4743.17,0.00826,92.754,11.312,-0.79,113.92,2025
Indonesia,APAC,Pharmaceuticals,0.05508382534881904,759.39,996.96,1756.34,0.00306,53.143,11.312,-0.79,113.92,2025
Indonesia,APAC,Financial Services,0.1772820822527561,2794.13,2858.49,5652.63,0.00985,100.857,11.312,-0.79,113.92,2025
Japan,APAC,Electronics,0.13207658460712596,6047.64,3602.87,9650.5,0.01681,72.88,23.187,36.2,138.25,2025
Japan,APAC,Automotive,0.0653959819657586,2326.69,2451.63,4778.32,0.00832,66.122,23.187,36.2,138.25,2025
Japan,APAC,Chemicals,0.23593953046851462,11075.28,6164.23,17239.51,0.03003,113.34,23.187,36.2,138.25,2025
Japan,APAC,Agriculture,0.22429211803754356,10506.67,5881.79,16388.46,0.02855,68.657,23.187,36.2,138.25,2025
Japan,APAC,Energy,0.22851179969799557,9380.3,7316.49,16696.78,0.02909,130.744,23.187,36.2,138.25,2025
Japan,APAC,Machinery,0.22921825998469864,8297.18,8451.23,16748.4,0.02918,61.005,23.187,36.2,138.25,2025
Japan,APAC,Pharmaceuticals,0.09558703250838835,3688.64,3295.67,6984.3,0.01217,131.801,23.187,36.2,138.25,2025
Japan,APAC,Financial Services,0.2221461166512687,6526.52,9705.14,16231.66,0.02828,101.075,23.187,36.2,138.25,2025
South Korea,APAC,Electronics,0.07397307346673657,1346.28,1339.38,2685.65,0.00468,144.291,20.768,35.9,127.77,2025
South Korea,APAC,Automotive,0.11464058640415105,2312.63,1849.49,4162.12,0.00725,120.302,20.768,35.9,127.77,2025
South Korea,APAC,Chemicals,0.1227259204758588,3081.25,1374.42,4455.67,0.00776,146.245,20.768,35.9,127.77,2025
South Korea,APAC,Agriculture,0.10035645916507284,2000.93,1642.59,3643.52,0.00635,80.088,20.768,35.9,127.77,2025
South Korea,APAC,Energy,0.10696809887549352,1596.4,2287.16,3883.57,0.00677,110.956,20.768,35.9,127.77,2025
South Korea,APAC,Machinery,0.15053580464577232,2270.54,3194.79,5465.33,0.00952,77.865,20.768,35.9,127.77,2025
South Korea,APAC,Pharmaceuticals,0.23165317719333073,3968.58,4441.78,8410.36,0.01465,64.489,20.768,35.9,127.77,2025
South Korea,APAC,Financial Services,0.1478905520555126,3735.39,1633.9,5369.29,0.00935,74.206,20.768,35.9,127.77,2025
India,APAC,Electronics,0.09752750879847993,3342.19,2061.82,5404.02,0.00941,86.778,68.784,20.59,78.96,2025
India,APAC,Automotive,0.17646116611871593,5769.44,4008.3,9777.74,0.01703,103.577,68.784,20.59,78.96,2025
India,APAC,Chemicals,0.06805795401088166,2453.44,1317.66,3771.1,0.00657,82.078,68.784,20.59,78.96,2025
India,APAC,Agriculture,0.08730370207997085,1994.18,2843.33,4837.51,0.00843,109.089,68.784,20.59,78.96,2025
India,APAC,Energy,0.18551287236845648,4162.87,6116.43,10279.3,0.01791,101.209,68.784,20.59,78.96,2025
India,APAC,Machinery,0.0952991550395876,3134.28,2146.27,5280.54,0.0092,67.437,68.784,20.59,78.96,2025
India,APAC,Pharmaceuticals,0.18818754762049322,5380.81,5046.7,10427.5,0.01817,143.673,68.784,20.59,78.96,2025
India,APAC,Financial Services,0.07750418882919866,2157.22,2137.3,4294.52,0.00748,61.347,68.784,20.59,78.96,2025
Germany,EU,Electronics,0.10158832554303113,4516.84,3036.46,7553.3,0.01316,131.722,79.083,51.16,10.45,2025
Germany,EU,Automotive,0.1610401623198925,6692.02,5281.64,11973.66,0.02086,74.185,79.083,51.16,10.45,2025
Germany,EU,Chemicals,0.06862055356117985,3414.13,1687.95,5102.08,0.00889,140.042,79.083,51.16,10.45,2025
Germany,EU,Agriculture,0.17662029145465358,6588.48,6543.6,13132.08,0.02288,84.921,79.083,51.16,10.45,2025
Germany,EU,Energy,0.1951911357740479,9711.03,4801.82,14512.86,0.02528,138.709,79.083,51.16,10.45,2025
Germany,EU,Machinery,0.20597510917152478,9075.62,6239.05,15314.67,0.02668,58.414,79.083,51.16,10.45,2025
Germany,EU,Pharmaceuticals,0.08232574281892276,4098.47,2022.61,6121.09,0.01066,110.643,79.083,51.16,10.45,2025
Germany,EU,Financial Services,0.05183941032332593,1659.08,2195.29,3854.36,0.00671,116.35,79.083,51.16,10.45,2025
France,EU,Electronics,0.1597467578733172,522.13,337.25,859.38,0.0015,115.196,15.312,46.22,2.21,2025
France,EU,Automotive,0.09485386189211197,313.13,197.14,510.28,0.00089,73.725,15.312,46.22,2.21,2025
France,EU,Chemicals,0.11507993963185355,386.28,232.81,619.09,0.00108,114.963,15.312,46.22,2.21,2025
France,EU,Agriculture,0.21984468209883562,706.4,476.28,1182.68,0.00206,106.831,15.312,46.22,2.21,2025
France,EU,Energy,0.0687349535656185,188.7,181.07,369.77,0.00064,76.52,15.312,46.22,2.21,2025
France,EU,Machinery,0.09879792867581672,367.74,163.75,531.5,0.00093,89.31,15.312,46.22,2.21,2025
France,EU,Pharmaceuticals,0.22840931103542267,724.16,504.6,1228.76,0.00214,129.481,15.312,46.22,2.21,2025
France,EU,Financial Services,0.1505274186210384,464.06,345.72,809.78,0.00141,99.252,15.312,46.22,2.21,2025
United Kingdom,EU,Electronics,0.10615447248817117,849.3,1235.92,2085.22,0.00363,114.547,65.298,55.37,-3.43,2025
United Kingdom,EU,Automotive,0.08542213588140979,1144.6,533.36,1677.97,0.00292,145.393,65.298,55.37,-3.43,2025
United Kingdom,EU,Chemicals,0.23297287804408973,2338.73,2237.61,4576.34,0.00797,51.546,65.298,55.37,-3.43,2025
United Kingdom,EU,Agriculture,0.2356637125175451,2446.32,2182.87,4629.2,0.00806,146.665,65.298,55.37,-3.43,2025
United Kingdom,EU,Energy,0.24272399541785056,3127.27,1640.61,4767.88,0.00831,79.445,65.298,55.37,-3.43,2025
United Kingdom,EU,Machinery,0.12701954572038504,1635.12,859.95,2495.07,0.00435,81.692,65.298,55.37,-3.43,2025
United Kingdom,EU,Pharmaceuticals,0.08389854933721849,934.5,713.53,1648.04,0.00287,143.615,65.298,55.37,-3.43,2025
United Kingdom,EU,Financial Services,0.18920595933499462,2122.26,1594.36,3716.62,0.00647,59.718,65.298,55.37,-3.43,2025
Australia,APAC,Electronics,0.07801680304730481,2215.69,1772.96,3988.65,0.00695,137.737,89.115,-25.27,133.77,2025
Australia,APAC,Automotive,0.19815372355084088,6170.67,3960.05,10130.72,0.01765,120.248,89.115,-25.27,133.77,2025
Australia,APAC,Chemicals,0.12189823024395104,3041.75,3190.36,6232.11,0.01086,130.936,89.115,-25.27,133.77,2025
Australia,APAC,Agriculture,0.21202267893583615,7155.57,3684.2,10839.77,0.01888,141.324,89.115,-25.27,133.77,2025
Australia,APAC,Energy,0.15226847977218755,4285.19,3499.62,7784.81,0.01356,129.83,89.115,-25.27,133.77,2025
Australia,APAC,Machinery,0.17999278615555303,5618.79,3583.44,9202.23,0.01603,129.579,89.115,-25.27,133.77,2025
Australia,APAC,Pharmaceuticals,0.22800106836351325,5844.64,5812.04,11656.68,0.02031,87.558,89.115,-25.27,133.77,2025
Australia,APAC,Financial Services,0.0687963879681738,2017.09,1500.16,3517.25,0.00613,53.594,89.115,-25.27,133.77,2025
Thailand,APAC,Electronics,0.10730825042565689,2472.78,1810.95,4283.73,0.00746,53.05,49.295,15.87,100.99,2025
Thailand,APAC,Automotive,0.057469637749842886,1483.83,810.35,2294.18,0.004,86.019,49.295,15.87,100.99,2025
Thailand,APAC,Chemicals,0.07541210253037696,1675.83,1334.61,3010.44,0.00524,126.999,49.295,15.87,100.99,2025
Thailand,APAC,Agriculture,0.09316420549936864,2182.62,1536.48,3719.1,0.00648,58.535,49.295,15.87,100.99,2025
Thailand,APAC,Energy,0.06033634423372154,1347.4,1061.22,2408.62,0.0042,104.064,49.295,15.87,100.99,2025
Thailand,APAC,Machinery,0.1774859802996413,4377.44,2707.77,7085.21,0.01234,147.585,49.295,15.87,100.99,2025
Thailand,APAC,Pharmaceuticals,0.15326006966023908,3040.01,3078.11,6118.12,0.01066,129.519,49.295,15.87,100.99,2025
Thailand,APAC,Financial Services,0.10416645025241485,2210.94,1947.37,4158.31,0.00724,57.846,49.295,15.87,100.99,2025
Vietnam,APAC,Electronics,0.21719602410244115,912.54,586.4,1498.94,0.00261,90.895,86.676,14.06,108.28,2025
Vietnam,APAC,Automotive,0.08465886401416917,261.12,323.13,584.26,0.00102,75.024,86.676,14.06,108.28,2025
Vietnam,APAC,Chemicals,0.1598453329412241,677.75,425.39,1103.14,0.00192,116.02,86.676,14.06,108.28,2025
Vietnam,APAC,Agriculture,0.10598677938918857,502.11,229.34,731.45,0.00127,123.79,86.676,14.06,108.28,2025
Vietnam,APAC,Energy,0.16087081050228014,647.83,462.39,1110.22,0.00193,91.96,86.676,14.06,108.28,2025
Vietnam,APAC,Machinery,0.0995461979002315,348.17,338.83,687.0,0.0012,125.785,86.676,14.06,108.28,2025
Vietnam,APAC,Pharmaceuticals,0.052878697725951176,158.68,206.25,364.93,0.00064,54.6,86.676,14.06,108.28,2025
Vietnam,APAC,Financial Services,0.05814576046379403,263.5,137.78,401.28,0.0007,120.366,86.676,14.06,108.28,2025
Philippines,APAC,Electronics,0.14832317502336648,3261.16,2755.28,6016.44,0.01048,67.32,9.707,12.88,121.77,2025
Philippines,APAC,Automotive,0.13677032984759463,2882.38,2665.44,5547.82,0.00967,111.585,9.707,12.88,121.77,2025
Philippines,APAC,Chemicals,0.17701873017352876,2969.76,4210.66,7180.42,0.01251,87.461,9.707,12.88,121.77,2025
Philippines,APAC,Agriculture,0.17517198314284727,3914.71,3190.79,7105.51,0.01238,135.649,9.707,12.88,121.77,2025
Philippines,APAC,Energy,0.181738726323789,3309.09,4062.79,7371.87,0.01284,57.057,9.707,12.88,121.77,2025
Philippines,APAC,Machinery,0.17848385564126312,2953.52,4286.33,7239.85,0.01261,108.578,9.707,12.88,121.77,2025
Philippines,APAC,Pharmaceuticals,0.23804604828499154,5529.36,4126.51,9655.87,0.01682,88.817,9.707,12.88,121.77,2025
Philippines,APAC,Financial Services,0.17865764368847065,3895.03,3351.86,7246.9,0.01263,104.562,9.707,12.88,121.77,2025
Netherlands,EU,Electronics,0.24223811276478285,12300.85,6014.74,18315.59,0.03191,69.579,35.363,52.13,5.29,2025
Netherlands,EU,Automotive,0.0638722601750331,2077.76,2751.62,4829.37,0.00841,51.822,35.363,52.13,5.29,2025
Netherlands,EU,Chemicals,0.06888859215118569,3150.73,2057.93,5208.66,0.00907,57.119,35.363,52.13,5.29,2025
Netherlands,EU,Agriculture,0.11379512605875226,5622.41,2981.62,8604.03,0.01499,52.327,35.363,52.13,5.29,2025
Netherlands,EU,Energy,0.21289369651778717,7799.84,8297.02,16096.86,0.02804,61.816,35.363,52.13,5.29,2025
Netherlands,EU,Machinery,0.18934743307283014,8427.9,5888.64,14316.53,0.02494,137.747,35.363,52.13,5.29,2025
Netherlands,EU,Pharmaceuticals,0.1970142087607772,9549.13,5347.08,14896.22,0.02595,78.203,35.363,52.13,5.29,2025
Netherlands,EU,Financial Services,0.08548790875594456,4041.02,2422.71,6463.73,0.01126,130.683,35.363,52.13,5.29,2025
Italy,EU,Electronics,0.12440361715855663,6242.97,3620.73,9863.7,0.01718,84.08,37.723,41.87,12.57,2025
Italy,EU,Automotive,0.23615146512071294,12311.44,6412.51,18723.95,0.03262,92.899,37.723,41.87,12.57,2025
Italy,EU,Chemicals,0.2001742135582995,9941.25,5930.14,15871.39,0.02765,60.312,37.723,41.87,12.57,2025
Italy,EU,Agriculture,0.23051058133591334,10080.98,8195.71,18276.7,0.03184,132.646,37.723,41.87,12.57,2025
Italy,EU,Energy,0.11400992020612236,6044.4,2995.21,9039.61,0.01575,88.92,37.723,41.87,12.57,2025
Italy,EU,Machinery,0.05216753029605967,2777.97,1358.29,4136.25,0.00721,59.129,37.723,41.87,12.57,2025
Italy,EU,Pharmaceuticals,0.11386272751808298,6184.3,2843.63,9027.93,0.01573,145.061,37.723,41.87,12.57,2025
Italy,EU,Financial Services,0.16468757762465724,7698.2,5359.53,13057.73,0.02275,94.845,37.723,41.87,12.57,2025
Spain,EU,Electronics,0.18450369121540772,3115.99,1863.92,4979.9,0.00868,129.158,30.251,40.46,-3.75,2025
Spain,EU,Automotive,0.20792362855891078,2398.37,3213.66,5612.03,0.00978,99.442,30.251,40.46,-3.75,2025
Spain,EU,Chemicals,0.06151175200332886,937.81,722.44,1660.25,0.00289,94.153,30.251,40.46,-3.75,2025
Spain,EU,Agriculture,0.22754083655165996,3103.15,3038.36,6141.51,0.0107,61.707,30.251,40.46,-3.75,2025
Spain,EU,Energy,0.07859833641056718,1333.22,788.21,2121.43,0.0037,111.822,30.251,40.46,-3.75,2025
Spain,EU,Machinery,0.07022453522455806,805.99,1089.42,1895.42,0.0033,120.097,30.251,40.46,-3.75,2025
Spain,EU,Pharmaceuticals,0.06455260127283871,1126.52,615.81,1742.33,0.00304,120.624,30.251,40.46,-3.75,2025
Spain,EU,Financial Services,0.06626975612837996,760.99,1027.68,1788.67,0.00312,148.664,30.251,40.46,-3.75,2025
Brazil,LATAM,Electronics,0.21255991345150055,4809.35,2220.07,7029.42,0.01225,148.6,33.987,-14.23,-51.92,2025
Brazil,LATAM,Automotive,0.2006756370517883,3403.67,3232.74,6636.41,0.01156,58.35,33.987,-14.23,-51.92,2025
Brazil,LATAM,Chemicals,0.20542938318548737,3855.52,2938.09,6793.61,0.01184,92.422,33.987,-14.23,-51.92,2025
Brazil,LATAM,Agriculture,0.23127087701894722,3314.42,4333.78,7648.2,0.01332,99.263,33.987,-14.23,-51.92,2025
Brazil,LATAM,Energy,0.052270728953483815,934.48,794.13,1728.61,0.00301,55.63,33.987,-14.23,-51.92,2025
Brazil,LATAM,Machinery,0.07376358325361439,1061.76,1377.62,2439.38,0.00425,114.921,33.987,-14.23,-51.92,2025
Brazil,LATAM,Pharmaceuticals,0.19920897585308467,3788.11,2799.79,6587.9,0.01148,146.217,33.987,-14.23,-51.92,2025
Brazil,LATAM,Financial Services,0.12497411590474082,2007.42,2125.51,4132.93,0.0072,136.86,33.987,-14.23,-51.92,2025
Mexico,LATAM,Electronics,0.05243089493796327,788.67,352.74,1141.4,0.00199,54.316,86.727,23.63,-102.55,2025
Mexico,LATAM,Automotive,0.22822862273961425,2773.95,2194.52,4968.47,0.00866,149.296,86.727,23.63,-102.55,2025
Mexico,LATAM,Chemicals,0.06475931294707978,798.16,611.63,1409.79,0.00246,146.93,86.727,23.63,-102.55,2025
Mexico,LATAM,Agriculture,0.15461956883402977,1981.98,1384.04,3366.02,0.00586,119.575,86.727,23.63,-102.55,2025
Mexico,LATAM,Energy,0.14090821295355466,1804.53,1263.0,3067.53,0.00534,108.431,86.727,23.63,-102.55,2025
Mexico,LATAM,Machinery,0.23023160209819782,2073.16,2938.91,5012.07,0.00873,78.096,86.727,23.63,-102.55,2025
Mexico,LATAM,Pharmaceuticals,0.24008229681531174,3486.5,1740.02,5226.52,0.00911,95.566,86.727,23.63,-102.55,2025
Mexico,LATAM,Financial Services,0.17402651956030735,1830.66,1957.84,3788.5,0.0066,68.812,86.727,23.63,-102.55,2025
Canada,NA,Electronics,0.1667312223701744,2807.52,3824.61,6632.13,0.01155,147.439,32.448,56.13,-106.35,2025
Canada,NA,Automotive,0.2472421488959206,5993.71,3840.94,9834.65,0.01713,103.61,32.448,56.13,-106.35,2025
Canada,NA,Chemicals,0.11190552325726555,2867.26,1584.05,4451.31,0.00775,118.473,32.448,56.13,-106.35,2025
Canada,NA,Agriculture,0.08252338786897825,2210.08,1072.49,3282.56,0.00572,132.254,32.448,56.13,-106.35,2025
Canada,NA,Energy,0.2399599826583848,5896.09,3648.89,9544.98,0.01663,111.342,32.448,56.13,-106.35,2025
Canada,NA,Machinery,0.13364860725812377,3614.05,1702.15,5316.19,0.00926,136.606,32.448,56.13,-106.35,2025
Canada,NA,Pharmaceuticals,0.05904373402123789,958.02,1390.59,2348.61,0.00409,87.646,32.448,56.13,-106.35,2025
Canada,NA,Financial Services,0.2121106661563666,5873.84,2563.37,8437.21,0.0147,65.042,32.448,56.13,-106.35,2025
Turkey,EU,Electronics,0.24398287956292064,7891.5,4200.24,12091.74,0.02107,133.833,34.899,38.96,35.24,2025
Turkey,EU,Automotive,0.14373863195899406,3735.97,3387.69,7123.66,0.01241,77.341,34.899,38.96,35.24,2025
Turkey,EU,Chemicals,0.06127509933018543,2002.5,1034.28,3036.78,0.00529,131.29,34.899,38.96,35.24,2025
Turkey,EU,Agriculture,0.24994353465722613,8658.51,3728.64,12387.15,0.02158,105.543,34.899,38.96,35.24,2025
Turkey,EU,Energy,0.20379748303610212,6902.75,3197.41,10100.16,0.0176,134.965,34.899,38.96,35.24,2025
Turkey,EU,Machinery,0.09946962034863954,2638.19,2291.5,4929.69,0.00859,62.916,34.899,38.96,35.24,2025
Turkey,EU,Pharmaceuticals,0.24081020545174447,6944.12,4990.39,11934.51,0.02079,72.864,34.899,38.96,35.24,2025
Turkey,EU,Financial Services,0.18434013688117135,5348.48,3787.38,9135.86,0.01592,85.816,34.899,38.96,35.24,2025
Saudi Arabia,ME,Electronics,0.15406154018075868,1315.46,766.97,2082.42,0.00363,102.016,60.77,23.88,45.08,2025
Saudi Arabia,ME,Automotive,0.220436300063708,1685.18,1294.42,2979.6,0.00519,106.094,60.77,23.88,45.08,2025
Saudi Arabia,ME,Chemicals,0.22533072053166903,1586.97,1458.78,3045.75,0.00531,63.402,60.77,23.88,45.08,2025
Saudi Arabia,ME,Agriculture,0.0557565352626678,472.19,281.46,753.65,0.00131,112.031,60.77,23.88,45.08,2025
Saudi Arabia,ME,Energy,0.1908159536198447,1196.47,1382.75,2579.22,0.00449,63.637,60.77,23.88,45.08,2025
Saudi Arabia,ME,Machinery,0.05290893313357639,361.28,353.88,715.16,0.00125,108.992,60.77,23.88,45.08,2025
Saudi Arabia,ME,Pharmaceuticals,0.12844880901994649,922.35,813.87,1736.22,0.00302,140.416,60.77,23.88,45.08,2025
Saudi Arabia,ME,Financial Services,0.11965109340466007,896.3,721.0,1617.3,0.00282,128.365,60.77,23.88,45.08,2025
United Arab Emirates,ME,Electronics,0.22247274174934906,5293.16,2435.7,7728.86,0.01346,64.707,56.366,23.42,53.85,2025
United Arab Emirates,ME,Automotive,0.2353175250322989,4476.97,3698.13,8175.1,0.01424,75.824,56.366,23.42,53.85,2025
United Arab Emirates,ME,Chemicals,0.14182715124765227,3419.51,1507.67,4927.18,0.00858,99.262,56.366,23.42,53.85,2025
United Arab Emirates,ME,Agriculture,0.11575032205750165,2372.62,1648.63,4021.25,0.00701,74.015,56.366,23.42,53.85,2025
United Arab Emirates,ME,Energy,0.0651726656217328,993.2,1270.95,2264.14,0.00394,62.805,56.366,23.42,53.85,2025
United Arab Emirates,ME,Machinery,0.08038053870245887,1233.29,1559.18,2792.48,0.00486,114.087,56.366,23.42,53.85,2025
United Arab Emirates,ME,Pharmaceuticals,0.08637601687982896,1511.49,1489.28,3000.76,0.00523,139.679,56.366,23.42,53.85,2025
United Arab Emirates,ME,Financial Services,0.14479232805257447,3019.46,2010.73,5030.19,0.00876,67.232,56.366,23.42,53.85,2025
South Africa,AF,Electronics,0.08378701261443292,786.92,840.37,1627.28,0.00283,67.701,4.637,-30.56,22.94,2025
South Africa,AF,Automotive,0.06774050675141113,573.87,741.77,1315.63,0.00229,96.078,4.637,-30.56,22.94,2025
South Africa,AF,Chemicals,0.0912667436811585,902.73,869.83,1772.55,0.00309,100.342,4.637,-30.56,22.94,2025
South Africa,AF,Agriculture,0.18807896572587307,1504.2,2148.61,3652.81,0.00636,129.941,4.637,-30.56,22.94,2025
South Africa,AF,Energy,0.17558007789818159,1447.66,1962.39,3410.06,0.00594,137.358,4.637,-30.56,22.94,2025
South Africa,AF,Machinery,0.23417448010636266,1902.56,2645.5,4548.06,0.00792,77.688,4.637,-30.56,22.94,2025
South Africa,AF,Pharmaceuticals,0.2112402559586123,2562.01,1540.63,4102.64,0.00715,68.452,4.637,-30.56,22.94,2025
South Africa,AF,Financial Services,0.09186986466734207,912.01,872.25,1784.27,0.00311,98.452,4.637,-30.56,22.94,2025
Russia,EU,Electronics,0.1425069432266296,4569.73,2750.72,7320.45,0.01275,53.668,33.833,61.52,105.31,2025
Russia,EU,Automotive,0.10048738886880415,3169.46,1992.49,5161.95,0.00899,139.521,33.833,61.52,105.31,2025
Russia,EU,Chemicals,0.15233548842313321,4379.33,3446.01,7825.34,0.01363,60.717,33.833,61.52,105.31,2025
Russia,EU,Agriculture,0.13948247336469094,4010.91,3154.18,7165.09,0.01248,74.247,33.833,61.52,105.31,2025
Russia,EU,Energy,0.1038486461898762,2737.64,2596.97,5334.61,0.00929,52.007,33.833,61.52,105.31,2025
Russia,EU,Machinery,0.11441583311663567,2723.81,3153.63,5877.44,0.01024,82.75,33.833,61.52,105.31,2025
Russia,EU,Pharmaceuticals,0.07395242636385024,2534.45,1264.42,3798.87,0.00662,109.359,33.833,61.52,105.31,2025
Russia,EU,Financial Services,0.18582046382889794,6078.07,3467.36,9545.43,0.01663,99.844,33.833,61.52,105.31,2025
Poland,EU,Electronics,0.16736822360417583,1202.31,725.61,1927.92,0.00336,93.166,48.802,51.92,19.15,2025
Poland,EU,Automotive,0.07551606055911275,422.0,447.87,869.87,0.00152,86.308,48.802,51.92,19.15,2025
Poland,EU,Chemicals,0.17918344826632027,1179.04,884.98,2064.02,0.0036,85.61,48.802,51.92,19.15,2025
Poland,EU,Agriculture,0.24730304975859596,1657.17,1191.51,2848.69,0.00496,73.723,48.802,51.92,19.15,2025
Poland,EU,Energy,0.07035649452408076,361.34,449.1,810.44,0.00141,74.596,48.802,51.92,19.15,2025
Poland,EU,Machinery,0.08213627465191115,431.41,514.72,946.13,0.00165,78.51,48.802,51.92,19.15,2025
Poland,EU,Pharmaceuticals,0.08467471905895096,652.55,322.82,975.37,0.0017,58.023,48.802,51.92,19.15,2025
Poland,EU,Financial Services,0.15490227791405092,933.41,850.91,1784.32,0.00311,148.238,48.802,51.92,19.15,2025
Sweden,EU,Electronics,0.24389408665507378,2156.33,1112.56,3268.89,0.00569,131.707,36.409,60.13,18.64,2025
Sweden,EU,Automotive,0.10158056540898797,614.39,747.09,1361.48,0.00237,116.864,36.409,60.13,18.64,2025
Sweden,EU,Chemicals,0.2358751978255172,1792.61,1368.8,3161.42,0.00551,107.161,36.409,60.13,18.64,2025
Sweden,EU,Agriculture,0.10599581873205684,896.22,524.44,1420.65,0.00248,68.704,36.409,60.13,18.64,2025
Sweden,EU,Energy,0.11473584728084874,811.39,726.41,1537.8,0.00268,100.761,36.409,60.13,18.64,2025
Sweden,EU,Machinery,0.09848194648301606,573.45,746.49,1319.95,0.0023,111.062,36.409,60.13,18.64,2025
Sweden,EU,Pharmaceuticals,0.10772611064805115,829.3,614.54,1443.84,0.00252,65.436,36.409,60.13,18.64,2025
Sweden,EU,Financial Services,0.1462280203709635,1097.1,862.79,1959.88,0.00341,55.182,36.409,60.13,18.64,2025
Norway,EU,Electronics,0.06267499409455356,1321.23,574.4,1895.63,0.0033,82.235,12.963,60.47,8.47,2025
Norway,EU,Automotive,0.211974889170927,3054.27,3356.98,6411.25,0.01117,118.15,12.963,60.47,8.47,2025
Norway,EU,Chemicals,0.20204557197793732,3536.35,2574.59,6110.93,0.01065,97.158,12.963,60.47,8.47,2025
Norway,EU,Agriculture,0.13236818282945373,2020.42,1983.1,4003.52,0.00697,142.953,12.963,60.47,8.47,2025
Norway,EU,Energy,0.21612388155754586,4507.13,2029.6,6536.74,0.01139,62.43,12.963,60.47,8.47,2025
Norway,EU,Machinery,0.19617349504072884,4043.58,1889.75,5933.33,0.01034,68.123,12.963,60.47,8.47,2025
Norway,EU,Pharmaceuticals,0.06329925347335551,1191.47,723.04,1914.51,0.00334,107.447,12.963,60.47,8.47,2025
Norway,EU,Financial Services,0.21836575535165442,2918.76,3685.79,6604.54,0.01151,129.527,12.963,60.47,8.47,2025
Denmark,EU,Electronics,0.0828531595861986,1074.28,592.89,1667.18,0.0029,116.52,15.565,56.26,9.5,2025
Denmark,EU,Automotive,0.15461308495382386,1579.36,1531.77,3111.13,0.00542,137.72,15.565,56.26,9.5,2025
Denmark,EU,Chemicals,0.12848902148452707,1667.57,917.89,2585.46,0.0045,93.913,15.565,56.26,9.5,2025
Denmark,EU,Agriculture,0.12538888588498154,1359.45,1163.64,2523.08,0.0044,80.138,15.565,56.26,9.5,2025
Denmark,EU,Energy,0.19952187603525023,2211.41,1803.38,4014.79,0.00699,73.221,15.565,56.26,9.5,2025
Denmark,EU,Machinery,0.2299149146549137,2383.35,2243.01,4626.36,0.00806,104.355,15.565,56.26,9.5,2025
Denmark,EU,Pharmaceuticals,0.2312944221929094,2733.23,1920.89,4654.12,0.00811,61.69,15.565,56.26,9.5,2025
Denmark,EU,Financial Services,0.23796642472269502,2817.06,1971.31,4788.37,0.00834,83.491,15.565,56.26,9.5,2025
Finland,EU,Electronics,0.1740145511857027,1505.23,1182.5,2687.73,0.00468,139.389,71.668,61.92,25.75,2025
Finland,EU,Automotive,0.20771944224490618,1429.31,1779.0,3208.31,0.00559,81.172,71.668,61.92,25.75,2025
Finland,EU,Chemicals,0.09969782796289316,959.62,580.25,1539.87,0.00268,53.353,71.668,61.92,25.75,2025
Finland,EU,Agriculture,0.16397793697426333,1592.41,940.3,2532.71,0.00441,137.677,71.668,61.92,25.75,2025
Finland,EU,Energy,0.11841634974318149,1182.22,646.77,1828.99,0.00319,61.063,71.668,61.92,25.75,2025
Finland,EU,Machinery,0.21929045834690364,1484.35,1902.68,3387.03,0.0059,89.729,71.668,61.92,25.75,2025
Finland,EU,Pharmaceuticals,0.20945907315591072,1439.58,1795.61,3235.18,0.00564,72.925,71.668,61.92,25.75,2025
Finland,EU,Financial Services,0.19445051367861327,1850.11,1153.26,3003.37,0.00523,114.115,71.668,61.92,25.75,2025
Switzerland,EU,Electronics,0.10035981178139056,2883.8,2841.34,5725.14,0.00997,68.16,49.302,46.82,8.23,2025
Switzerland,EU,Automotive,0.2316901122667257,7600.02,5617.0,13217.03,0.02303,90.085,49.302,46.82,8.23,2025
Switzerland,EU,Chemicals,0.14240116072882653,5557.93,2565.5,8123.44,0.01415,65.335,49.302,46.82,8.23,2025
Switzerland,EU,Agriculture,0.16724596640335945,5264.26,4276.48,9540.74,0.01662,111.145,49.302,46.82,8.23,2025
Switzerland,EU,Energy,0.0536220367641681,2023.9,1035.03,3058.93,0.00533,143.212,49.302,46.82,8.23,2025
Switzerland,EU,Machinery,0.1630266367178418,5663.68,3636.36,9300.04,0.0162,142.25,49.302,46.82,8.23,2025
Switzerland,EU,Pharmaceuticals,0.19144772686267975,4868.32,6053.03,10921.35,0.01903,107.629,49.302,46.82,8.23,2025
Switzerland,EU,Financial Services,0.1713430092765712,5153.48,4620.98,9774.46,0.01703,123.644,49.302,46.82,8.23,2025
Austria,EU,Electronics,0.14016787428082644,4566.88,5956.58,10523.46,0.01833,148.484,83.376,47.52,14.55,2025
Austria,EU,Automotive,0.21777961728918682,7151.63,9198.73,16350.35,0.02848,142.084,83.376,47.52,14.55,2025
Austria,EU,Chemicals,0.22397927241242566,9343.73,7472.08,16815.81,0.0293,109.128,83.376,47.52,14.55,2025
Austria,EU,Agriculture,0.12980054077402606,4058.14,5686.96,9745.1,0.01698,83.52,83.376,47.52,14.55,2025
Austria,EU,Energy,0.2105706897196023,6345.62,9463.51,15809.13,0.02754,83.35,83.376,47.52,14.55,2025
Austria,EU,Machinery,0.12963373871818867,5462.11,4270.47,9732.58,0.01696,141.986,83.376,47.52,14.55,2025
Austria,EU,Pharmaceuticals,0.11926919887319226,4513.81,4440.63,8954.44,0.0156,123.75,83.376,47.52,14.55,2025
Austria,EU,Financial Services,0.14044358817796143,4928.14,5616.01,10544.16,0.01837,95.244,83.376,47.52,14.55,2025
Belgium,EU,Electronics,0.14967355454789594,1224.6,1104.96,2329.56,0.00406,141.485,16.698,50.5,4.47,2025
Belgium,EU,Automotive,0.12247877982332663,1094.55,811.74,1906.29,0.00332,113.226,16.698,50.5,4.47,2025
Belgium,EU,Chemicals,0.05261889131766673,490.62,328.36,818.97,0.00143,67.804,16.698,50.5,4.47,2025
Belgium,EU,Agriculture,0.24221406349389102,1676.09,2093.8,3769.89,0.00657,91.462,16.698,50.5,4.47,2025
Belgium,EU,Energy,0.06706993361572877,729.75,314.15,1043.89,0.00182,100.22,16.698,50.5,4.47,2025
Belgium,EU,Machinery,0.16907700346400878,1105.58,1525.98,2631.56,0.00458,124.996,16.698,50.5,4.47,2025
Belgium,EU,Pharmaceuticals,0.09198111861911716,958.35,473.27,1431.62,0.00249,70.514,16.698,50.5,4.47,2025
Belgium,EU,Financial Services,0.08813754413273332,563.76,808.04,1371.8,0.00239,97.207,16.698,50.5,4.47,2025
Ireland,EU,Electronics,0.20510552333900212,5206.8,4507.63,9714.43,0.01692,102.439,6.848,53.41,-8.24,2025
Ireland,EU,Automotive,0.13815254938764565,3404.03,3139.3,6543.33,0.0114,105.964,6.848,53.41,-8.24,2025
Ireland,EU,Chemicals,0.0810480491861425,1744.98,2093.7,3838.69,0.00669,136.179,6.848,53.41,-8.24,2025
Ireland,EU,Agriculture,0.23922309242672657,5801.05,5529.29,11330.34,0.01974,77.074,6.848,53.41,-8.24,2025
Ireland,EU,Energy,0.17879990864780315,4425.82,4042.7,8468.52,0.01475,52.539,6.848,53.41,-8.24,2025
Ireland,EU,Machinery,0.08123051947323807,2365.31,1482.02,3847.33,0.0067,115.892,6.848,53.41,-8.24,2025
Ireland,EU,Pharmaceuticals,0.0554191985006967,1224.72,1400.1,2624.82,0.00457,73.107,6.848,53.41,-8.24,2025
Ireland,EU,Financial Services,0.18437854871974568,3544.73,5188.0,8732.74,0.01521,60.411,6.848,53.41,-8.24,2025
Portugal,EU,Electronics,0.18054922157037495,5532.32,6202.25,11734.56,0.02044,59.944,16.89,39.4,-8.22,2025
Portugal,EU,Automotive,0.09863443819989082,3953.3,2457.32,6410.62,0.01117,135.57,16.89,39.4,-8.22,2025
Portugal,EU,Chemicals,0.21604397291339833,7289.72,6751.78,14041.5,0.02446,116.809,16.89,39.4,-8.22,2025
Portugal,EU,Agriculture,0.0909968590831642,2885.81,3028.41,5914.22,0.0103,139.634,16.89,39.4,-8.22,2025
Portugal,EU,Energy,0.05260038470214721,1455.18,1963.52,3418.69,0.00596,70.789,16.89,39.4,-8.22,2025
Portugal,EU,Machinery,0.055306440774763946,1633.48,1961.09,3594.57,0.00626,108.304,16.89,39.4,-8.22,2025
Portugal,EU,Pharmaceuticals,0.13428491011849958,5828.35,2899.32,8727.67,0.01521,131.744,16.89,39.4,-8.22,2025
Portugal,EU,Financial Services,0.1183634703395752,3675.87,4017.01,7692.88,0.0134,87.969,16.89,39.4,-8.22,2025
Chile,LATAM,Electronics,0.17482978156982681,4503.72,4110.51,8614.23,0.01501,105.205,24.858,-35.68,-71.54,2025
Chile,LATAM,Automotive,0.13722530582706333,3301.85,3459.53,6761.38,0.01178,144.845,24.858,-35.68,-71.54,2025
Chile,LATAM,Chemicals,0.2027211588319522,4415.26,5573.24,9988.5,0.0174,136.847,24.858,-35.68,-71.54,2025
Chile,LATAM,Agriculture,0.14748623964990273,4856.99,2409.97,7266.96,0.01266,129.986,24.858,-35.68,-71.54,2025
Chile,LATAM,Energy,0.13504270089384668,2706.39,3947.45,6653.84,0.01159,76.868,24.858,-35.68,-71.54,2025
Chile,LATAM,Machinery,0.1583268429321734,4602.99,3198.11,7801.1,0.01359,75.789,24.858,-35.68,-71.54,2025
Chile,LATAM,Pharmaceuticals,0.07787121481456483,2495.81,1341.07,3836.88,0.00668,148.44,24.858,-35.68,-71.54,2025
Chile,LATAM,Financial Services,0.15513803646053717,3451.29,4192.69,7643.98,0.01332,77.231,24.858,-35.68,-71.54,2025
Argentina,LATAM,Electronics,0.07355021657802824,268.83,200.37,469.2,0.00082,77.406,82.373,-38.42,-63.62,2025
Argentina,LATAM,Automotive,0.1608356005031587,610.92,415.1,1026.02,0.00179,132.974,82.373,-38.42,-63.62,2025
Argentina,LATAM,Chemicals,0.09128425435212065,234.85,347.48,582.33,0.00101,63.689,82.373,-38.42,-63.62,2025
Argentina,LATAM,Agriculture,0.23000372836962102,971.57,495.69,1467.26,0.00256,109.741,82.373,-38.42,-63.62,2025
Argentina,LATAM,Energy,0.17010337208673068,650.55,434.59,1085.14,0.00189,67.537,82.373,-38.42,-63.62,2025
Argentina,LATAM,Machinery,0.232882389184992,780.89,704.74,1485.63,0.00259,88.314,82.373,-38.42,-63.62,2025
Argentina,LATAM,Pharmaceuticals,0.1537835410565675,406.24,574.8,981.03,0.00171,66.628,82.373,-38.42,-63.62,2025
Argentina,LATAM,Financial Services,0.19760672328527412,535.55,725.04,1260.59,0.0022,110.315,82.373,-38.42,-63.62,2025
Colombia,LATAM,Electronics,0.10773874735413998,1277.5,1243.71,2521.21,0.00439,121.905,35.647,4.57,-74.3,2025
Colombia,LATAM,Automotive,0.109424343124635,1459.37,1101.28,2560.66,0.00446,97.605,35.647,4.57,-74.3,2025
Colombia,LATAM,Chemicals,0.18273423307252962,2912.3,1363.9,4276.2,0.00745,123.257,35.647,4.57,-74.3,2025
Colombia,LATAM,Agriculture,0.09298807571815136,890.77,1285.26,2176.03,0.00379,76.226,35.647,4.57,-74.3,2025
Colombia,LATAM,Energy,0.16901558614005097,1643.09,2312.08,3955.16,0.00689,99.637,35.647,4.57,-74.3,2025
Colombia,LATAM,Machinery,0.16936856978337783,1982.8,1980.63,3963.42,0.0069,127.091,35.647,4.57,-74.3,2025
Colombia,LATAM,Pharmaceuticals,0.07131965062675437,705.21,963.76,1668.96,0.00291,122.819,35.647,4.57,-74.3,2025
Colombia,LATAM,Financial Services,0.1490982632412397,2116.2,1372.88,3489.08,0.00608,93.483,35.647,4.57,-74.3,2025
Peru,LATAM,Electronics,0.20988317579379584,2998.29,1929.8,4928.09,0.00859,77.215,73.9,-9.19,-75.02,2025
Peru,LATAM,Automotive,0.1680461333738174,2005.59,1940.16,3945.75,0.00687,59.158,73.9,-9.19,-75.02,2025
Peru,LATAM,Chemicals,0.2334627150924486,2417.7,3064.04,5481.74,0.00955,145.024,73.9,-9.19,-75.02,2025
Peru,LATAM,Agriculture,0.13920115459159116,1488.92,1779.55,3268.46,0.00569,104.19,73.9,-9.19,-75.02,2025
Peru,LATAM,Energy,0.22458916717528166,3267.75,2005.64,5273.39,0.00919,130.656,73.9,-9.19,-75.02,2025
Peru,LATAM,Machinery,0.18175667334214346,2593.39,1674.28,4267.67,0.00743,134.92,73.9,-9.19,-75.02,2025
Peru,LATAM,Pharmaceuticals,0.09993360177183719,1283.11,1063.35,2346.46,0.00409,72.121,73.9,-9.19,-75.02,2025
Peru,LATAM,Financial Services,0.2475336015993294,3970.95,1841.18,5812.13,0.01013,53.943,73.9,-9.19,-75.02,2025
New Zealand,APAC,Electronics,0.0861150690254667,2844.86,2142.77,4987.62,0.00869,141.549,83.347,-40.9,174.88,2025
New Zealand,APAC,Automotive,0.05678919571715977,2003.82,1285.3,3289.12,0.00573,79.735,83.347,-40.9,174.88,2025
New Zealand,APAC,Chemicals,0.2348792390753061,9404.52,4199.25,13603.77,0.0237,144.427,83.347,-40.9,174.88,2025
New Zealand,APAC,Agriculture,0.14484284333149278,5525.12,2863.91,8389.03,0.01462,134.455,83.347,-40.9,174.88,2025
New Zealand,APAC,Energy,0.11382009464865113,4276.22,2316.02,6592.25,0.01148,53.701,83.347,-40.9,174.88,2025
New Zealand,APAC,Machinery,0.1692539756964106,4597.57,5205.3,9802.88,0.01708,62.057,83.347,-40.9,174.88,2025
New Zealand,APAC,Pharmaceuticals,0.06539064032584184,2306.04,1481.27,3787.3,0.0066,83.987,83.347,-40.9,174.88,2025
New Zealand,APAC,Financial Services,0.19495335430575228,4737.92,6553.41,11291.34,0.01967,81.529,83.347,-40.9,174.88,2025
